custid,av_on_web,av_purch_price,days_since_purch,Loyalty Member,av_purch_time
321,49.40,549.42,504,1,20.97
322,46.51,560.48,360,0,23
323,69.04,804.07,421,0,13.02
324,66.55,806.24,5,0,23.25
325,65.26,882.50,182,1,12.53
326,66.37,880.49,57,1,7.23
327,42.73,549.23,598,0,9.9
328,62.01,729.54,530,1,21.13
329,72.18,1027.77,358,1,19.78
330,43.13,638.13,186,0,17.08
331,40.45,537.00,264,0,5.78
332,70.53,796.33,69,1,13.75
333,49.87,564.59,459,1,19.35
334,22.52,338.38,489,1,12.12
335,14.49,371.60,391,1,20.35
336,20.11,297.51,73,1,13.83
337,50.12,596.09,692,0,4.18
338,42.20,650.16,177,0,11.48
339,48.62,613.13,561,0,9.83
340,70.09,797.15,310,0,0.15
341,18.32,260.88,273,0,2.75
342,14.97,353.47,129,1,17.45
343,87.92,991.75,589,0,0.48
344,26.16,312.75,463,1,8.35
345,23.63,248.03,238,1,4.4
346,70.75,838.11,342,1,20.62
347,46.46,643.32,663,1,8.9
348,45.77,618.74,584,1,13.02
349,21.57,235.59,300,1,1.05
350,51.50,974.04,293,1,2.65
351,14.33,277.81,367,1,13.28
352,43.88,584.65,447,1,18.03
353,91.39,779.87,636,0,3.88
354,70.43,866.24,561,0,4.85
355,23.14,349.83,60,0,2.42
356,42.87,500.47,584,0,9.18
357,14.28,387.83,683,0,5.08
358,74.40,1006.86,558,1,7.28
359,40.19,632.69,454,0,5.73
360,65.25,880.95,65,1,23.12
361,39.25,596.00,176,0,15.92
362,72.88,780.20,200,0,0.55
363,63.87,695.22,615,1,16.67
364,51.34,677.28,426,0,21.68
365,41.00,654.96,43,1,9.72
366,16.91,308.54,673,0,6.97
367,87.39,797.21,16,1,19.37
368,51.69,513.47,149,1,16.68
369,49.95,588.86,32,0,12.23
370,19.48,322.31,240,1,4.45
371,49.10,600.89,364,0,10.65
372,85.57,705.03,640,1,5.85
373,15.28,416.86,296,1,3.85
374,68.50,864.80,680,0,19.37
375,72.47,830.42,204,0,22.95
376,71.30,828.83,142,0,19.47
377,71.50,797.36,162,0,9.78
378,48.64,671.31,148,1,21.9
379,17.85,226.02,660,1,13.63
380,66.60,831.19,556,1,21.52
381,69.70,797.32,350,0,17.25
382,70.63,829.72,45,1,9.45
383,46.16,590.16,441,0,15.23
384,81.64,973.21,659,1,14.68
385,49.31,561.19,557,1,2.63
386,46.83,624.97,621,0,0.15
387,49.05,1071.63,245,1,2.07
388,46.06,664.94,462,0,14.8
389,67.89,821.84,423,1,6.98
390,25.51,292.84,597,1,16.7
391,66.62,636.63,585,0,17.8
392,39.41,577.24,373,1,20.4
393,14.56,333.05,81,0,9.58
394,21.41,379.14,217,1,5.73
395,20.70,378.46,46,1,21.35
396,47.56,639.76,284,0,10.13
397,85.81,1017.14,575,0,5.55
398,53.20,589.39,27,1,8.98
399,40.12,507.38,95,0,12.38
400,24.63,382.38,293,1,0.23
401,71.63,880.59,255,1,16.68
402,50.84,560.32,585,1,10.52
403,70.51,871.74,359,0,17.33
404,22.29,378.17,308,1,7
405,42.19,619.63,233,0,16.88
406,15.85,251.41,186,1,3
407,49.99,526.05,519,0,19.02
408,21.33,258.09,211,1,13.2
409,41.23,603.47,349,0,17.1
410,91.65,679.37,161,0,13.82
411,19.41,374.95,546,1,16.07
412,44.36,608.68,137,0,12.75
413,40.51,518.08,485,1,14.6
414,55.28,1075.11,530,1,12.58
415,72.89,1064.48,390,0,13.18
416,52.42,536.58,114,1,12.73
417,83.28,664.11,78,0,20.42
418,50.58,505.42,688,1,1.13
419,81.42,957.98,391,1,19.03
420,47.72,571.25,259,1,10.3
421,16.24,251.22,51,1,5.68
422,68.11,837.98,624,1,3.23
423,68.70,812.81,568,0,20.37
424,63.81,687.52,23,1,21.2
425,69.97,838.29,338,0,1.6
426,65.12,863.54,410,0,2.1
427,46.46,678.31,71,0,17.2
428,43.87,614.76,479,1,17.75
429,22.71,286.22,218,1,14.7
430,86.03,1023.87,459,0,22.18
431,66.28,1059.15,139,1,10.78
432,15.47,249.25,330,0,18.03
433,22.60,355.30,410,0,0.02
434,44.08,513.13,37,1,22.78
435,22.28,306.44,605,1,16.2
436,53.11,637.11,338,1,17.15
437,51.07,589.64,500,0,17
438,68.68,829.30,506,1,16.92
439,68.35,820.99,277,1,16.45
440,54.77,632.54,156,1,1.63
441,43.57,601.06,17,1,16.18
442,91.39,619.75,507,1,0.47
443,77.38,905.98,218,0,12.65
444,26.72,284.34,358,0,14.72
445,73.45,1024.47,346,0,3.02
446,71.71,872.17,273,1,11.93
447,70.97,840.45,271,0,16.28
448,16.46,287.13,46,1,15.37
449,19.00,254.46,73,0,17.25
450,38.97,602.73,74,1,12.6
451,70.96,848.16,443,0,3.87
452,46.11,537.39,677,0,20.62
453,42.89,666.94,573,0,16.2
454,43.04,608.88,252,1,3.53
455,49.92,607.03,591,1,1.65
456,42.75,613.22,560,0,4.5
457,21.47,326.34,626,0,17.48
458,18.64,344.46,441,0,19.48
459,72.60,873.63,310,0,20.33
460,46.26,550.28,539,1,15.4
461,38.71,636.17,57,0,3.55
462,21.29,280.08,697,1,18.63
463,17.32,258.04,121,1,16.85
464,49.39,601.65,170,1,11.23
465,71.72,872.21,613,0,22.03
466,51.97,620.20,206,1,11.7
467,51.01,678.25,640,0,14.05
468,51.63,643.21,608,1,19.9
469,48.13,589.75,659,0,12.97
470,84.93,636.70,447,1,16.62
471,52.19,514.37,622,0,9.55
472,24.80,348.97,36,0,10.53
473,66.02,822.64,359,1,11.65
474,20.54,384.79,338,1,10.55
475,26.68,310.91,228,1,5.55
476,71.18,881.08,528,0,21
477,77.08,1049.30,388,0,3.9
478,70.83,856.11,297,1,18.08
479,23.13,338.48,619,0,22.92
480,43.81,612.54,11,1,13.02
481,39.13,584.12,499,1,4.15
482,17.39,378.09,266,1,17.05
483,16.71,373.53,367,0,9.33
484,67.66,956.19,313,0,3.32
485,46.67,637.82,55,1,11.47
486,86.26,755.04,343,1,16.42
487,45.98,542.82,237,0,21.48
488,22.60,415.77,678,1,10.07
489,13.88,382.01,3,1,2.4
490,77.79,762.08,315,0,1.97
491,50.66,620.22,107,1,10.05
492,40.73,668.39,525,0,10.17
493,19.85,375.10,305,1,5.35
494,45.61,565.28,76,0,12.77
495,39.90,524.90,189,0,4.42
496,69.66,595.61,303,0,14.43
497,19.42,233.99,644,1,14.33
498,63.32,981.03,31,1,2.87
499,50.74,655.75,104,1,4.85
500,72.62,844.21,549,0,6.32
501,66.15,830.69,452,1,4.6
502,66.25,797.72,110,1,3.05
503,51.58,613.06,566,1,21.25
504,42.09,536.97,480,0,20.02
505,46.31,672.38,177,1,22.42
506,15.91,318.61,395,0,11.02
507,45.82,507.44,168,0,7.05
508,51.83,502.05,554,0,17.3
509,75.21,1075.30,576,1,20.03
510,70.12,847.27,15,0,2.03
511,21.83,414.58,510,0,23.18
512,72.31,871.72,480,1,16.88
513,14.82,403.44,552,1,8.73
514,45.49,548.93,461,0,6.77
515,44.37,595.44,460,0,14.52
516,68.04,870.84,588,1,4.37
517,39.51,649.83,525,0,19.45
518,22.89,375.60,540,0,1.88
519,39.45,508.14,130,1,2
520,23.04,225.35,206,1,13.25
521,18.79,388.55,519,0,4.48
522,49.03,864.41,83,0,18.93
523,15.98,388.68,62,1,19.48
524,40.96,655.05,6,1,4.8
525,69.68,822.25,456,0,22.73
526,16.78,237.41,588,0,21.67
527,21.02,412.39,581,0,5.28
528,69.13,840.42,374,1,18.15
529,88.76,662.78,382,1,6.63
530,16.06,297.29,242,1,22.57
531,19.24,296.78,449,0,21
532,45.34,671.93,57,1,3.13
533,39.23,671.89,242,0,19.57
534,42.29,630.70,437,1,20.88
535,17.71,356.06,370,1,12.67
536,49.99,544.63,677,1,12.38
537,53.77,643.86,63,1,2.17
538,22.42,254.69,87,0,10.8
539,24.60,397.65,329,1,3.57
540,72.44,871.97,692,1,5.9
541,72.66,846.74,599,0,17.15
542,23.03,263.36,360,1,0.37
543,17.71,274.49,394,0,15.48
544,66.81,880.23,292,1,7.68
545,51.94,648.38,267,0,22.9
546,20.61,347.70,398,0,7.93
547,45.41,567.41,444,0,3.03
548,73.06,939.77,228,1,8.47
549,53.22,588.24,487,1,9.28
550,42.84,568.25,71,1,2.82
551,53.37,519.37,563,0,20.82
552,67.80,814.73,70,1,16.47
553,64.57,804.81,242,0,12.77
554,64.38,1015.09,580,0,18.78
555,51.42,624.63,548,1,11.48
556,53.14,556.06,478,1,17.73
557,80.79,889.37,183,1,3.42
558,45.83,572.48,451,0,12.38
559,40.37,602.49,299,1,7.28
560,52.52,564.60,161,0,11.48
561,26.19,398.73,640,1,23.15
562,71.48,611.60,679,0,7.88
563,18.39,306.60,36,0,13.43
564,86.60,805.09,294,0,7.43
565,42.95,514.05,521,0,0.9
566,16.20,349.46,195,0,14.55
567,17.37,308.92,93,0,7.15
568,67.00,821.17,51,1,14.05
569,61.19,1076.10,484,0,3.37
570,67.74,849.56,261,1,11.8
571,44.06,630.04,546,1,6.43
572,41.18,583.84,207,0,21.37
573,24.38,395.68,294,0,0.8
574,23.88,224.89,466,1,22.32
575,82.49,1082.16,87,1,20.58
576,91.27,587.08,634,0,15.92
577,21.24,276.55,466,0,8.93
578,66.79,1090.03,456,0,19.18
579,41.63,536.77,173,0,8.23
580,52.07,500.23,527,0,0.3
581,79.83,762.58,431,0,10.73
582,18.97,415.14,361,0,16.18
583,13.14,306.58,3,0,22.97
584,71.29,856.03,174,0,16.3
585,73.35,822.48,81,0,22.43
586,18.80,288.18,585,0,22.03
587,48.77,661.50,554,1,18.08
588,47.86,554.81,145,1,2.77
589,74.73,604.13,223,0,11.57
590,19.88,266.24,372,0,6.92
591,47.54,572.10,154,1,19.97
592,54.50,583.65,33,1,7.65
593,50.05,654.63,609,1,21.02
594,51.60,535.63,441,0,2.63
595,45.12,601.16,593,0,16
596,19.52,373.21,112,0,20.12
597,72.68,1091.66,408,0,3.77
598,24.95,232.24,624,0,22.78
599,48.41,566.91,10,1,15.33
600,20.72,362.56,389,1,14.28
601,68.83,1073.82,274,0,21.77
602,22.54,351.32,159,0,5.23
603,16.40,341.53,362,0,19.33
604,73.02,705.56,617,1,4.15
605,39.29,661.52,340,0,13.75
606,68.55,847.02,171,0,10.67
607,14.66,411.02,268,0,12.12
608,51.80,938.83,620,0,22.78
609,69.24,746.50,154,1,2.7
610,18.67,331.13,490,1,7.57
611,52.25,577.22,648,1,12.88
612,16.57,229.00,388,0,0.75
613,22.80,267.30,246,1,3.33
614,75.93,873.00,552,1,18.67
615,52.78,595.31,636,1,11.25
616,15.40,414.22,304,0,17.78
617,49.06,677.76,682,1,15.52
618,24.08,410.68,252,0,3.23
619,49.60,579.03,127,0,15.93
620,64.90,897.71,335,0,4.77
621,68.50,873.84,532,1,21.52
622,68.68,881.76,312,0,3.28
623,51.28,650.24,525,0,2.22
624,91.40,730.90,192,0,5.25
625,58.98,1039.34,478,0,23.12
626,71.01,812.14,456,0,3.1
627,22.86,282.54,527,0,20.47
628,93.40,638.34,308,0,1.87
629,53.21,641.89,671,1,13.58
630,25.48,380.41,15,0,1.97
631,50.42,502.11,274,1,7.13
632,20.95,232.26,75,0,0
633,61.35,931.35,324,1,11.62
634,67.99,821.91,326,0,14.27
635,43.73,538.75,551,1,4.95
636,73.02,803.95,385,1,6.1
637,42.73,555.66,434,1,8.73
638,40.26,542.54,291,1,21.25
639,60.34,924.05,679,0,9.77
640,20.00,359.49,51,1,7.32
641,43.40,513.27,33,0,3.48
642,39.19,519.06,259,1,7.43
643,85.02,1037.11,300,1,20.38
644,49.83,669.35,480,0,11.33
645,14.54,373.18,451,1,17.85
646,67.32,804.82,564,0,12.13
647,39.80,577.89,80,1,4.02
648,66.08,855.76,141,1,21.02
649,73.43,880.31,20,1,22.9
650,15.22,256.98,152,1,14.4
651,76.46,989.99,201,0,9.92
652,69.84,848.18,444,0,15.57
653,39.50,587.70,479,0,9.22
654,39.55,530.36,434,0,13.23
655,49.32,660.13,138,0,23.22
656,72.01,863.18,145,1,4.5
657,54.19,588.85,596,1,2.25
658,87.44,1064.58,76,0,14.28
659,72.50,655.57,676,0,7.95
660,43.78,590.61,586,0,10.73
661,20.23,312.20,195,0,6.48
662,62.60,797.33,666,0,17.87
663,18.74,419.22,383,1,10.77
664,16.42,308.67,636,1,3.7
665,18.24,244.64,27,1,16.55
666,44.64,501.70,237,1,13.1
667,49.91,667.85,662,1,1.5
668,67.18,823.82,469,1,2.2
669,23.80,304.62,547,0,18.92
670,51.31,602.04,248,1,5.8
671,69.65,797.28,456,0,9.93
672,52.08,532.02,192,0,13.3
673,70.24,864.45,189,1,3.93
674,23.99,328.42,542,0,13.95
675,40.31,505.65,505,1,15.18
676,71.64,854.45,299,0,20.97
677,19.35,298.49,17,1,10.13
678,40.11,519.48,550,0,5.43
679,21.98,296.06,662,0,14.05
680,17.26,411.39,179,1,13.75
681,18.85,283.88,250,1,12.92
682,66.49,856.75,22,0,15.33
683,79.96,628.35,662,0,4.1
684,52.21,548.38,431,0,10.68
685,46.21,591.76,581,0,3.1
686,49.21,606.74,167,1,4.07
687,50.69,508.96,204,1,1.4
688,47.76,542.69,270,0,5.22
689,66.29,872.25,598,0,20.87
690,53.22,1085.44,218,1,6.05
691,53.21,603.26,473,1,5.6
692,63.03,1015.20,398,0,10.93
693,51.26,671.55,177,0,7.83
694,71.59,830.76,2,0,23.08
695,17.65,355.21,73,0,3.52
696,61.52,680.87,430,0,10.13
697,67.49,812.64,655,1,4.03
698,22.50,403.34,601,1,4.65
699,54.97,1067.21,332,1,4.72
700,67.74,831.33,64,0,2.58
701,68.68,830.09,243,1,6.03
702,42.53,674.71,419,1,16.15
703,14.97,258.15,538,0,20.23
704,14.19,310.09,259,0,13.42
705,69.20,839.41,635,0,16.25
706,52.64,501.45,133,1,7.85
707,67.10,847.05,372,1,19
708,23.15,262.25,528,0,22.45
709,72.35,797.95,296,0,0.95
710,15.13,370.88,352,0,7.85
711,47.55,660.11,3,0,3.58
712,52.45,654.38,275,0,9
713,89.71,856.00,421,1,3.12
714,21.66,384.17,543,0,19.93
715,16.51,326.64,189,0,0.03
716,50.87,535.78,395,0,13.85
717,19.93,354.26,393,0,6.2
718,67.18,822.48,641,0,3.38
719,50.47,613.67,540,1,11.77
720,66.81,855.32,234,1,11.83
721,18.89,226.05,48,0,23.08
722,46.60,531.28,306,0,18.67
723,62.38,838.26,91,1,7.93
724,82.16,1091.40,194,1,19.45
725,50.61,594.41,162,1,6.23
726,44.90,648.61,13,0,1.92
727,59.15,621.40,148,1,5.32
728,46.67,636.28,327,0,19.72
729,18.24,316.41,136,1,15.38
730,54.49,730.06,88,1,18.05
731,22.66,302.90,483,1,4.27
732,65.25,872.09,358,0,17.55
733,23.45,293.82,682,0,0.58
734,68.16,881.40,549,0,4.88
735,60.99,811.45,163,0,6.02
736,52.28,630.67,117,1,5.77
737,69.53,832.12,173,1,11.07
738,43.54,596.69,677,1,0.45
739,23.22,346.79,93,1,12.68
740,21.74,351.54,331,1,6.08
741,50.61,559.21,209,1,3.82
742,72.52,807.23,605,0,11.52
743,15.99,246.44,217,0,22.78
744,64.93,829.26,70,0,0.17
745,42.76,501.59,163,0,10.55
746,81.66,877.78,387,1,2.73
747,19.83,230.67,70,1,7.18
748,48.44,525.82,106,1,3.77
749,50.39,519.73,24,0,10.12
750,42.65,536.36,342,1,8.77
751,70.64,813.26,408,0,20.28
752,69.05,795.79,617,0,4.93
753,17.71,324.43,689,0,15.52
754,50.89,517.92,406,0,7.48
755,70.10,856.23,504,0,20.45
756,17.03,299.56,441,1,22.7
757,69.41,815.27,606,1,16.03
758,41.45,561.60,170,1,19.45
759,48.74,654.75,309,0,19.88
760,40.56,554.04,20,0,5.57
761,52.76,553.96,625,1,18.05
762,69.05,874.02,346,0,5.37
763,51.99,532.10,455,1,3.95
764,14.64,368.23,661,0,9.72
765,43.78,584.98,540,1,4.58
766,20.84,240.75,76,0,8.83
767,50.62,513.04,222,0,13.9
768,21.10,229.08,315,1,14.63
769,14.17,227.47,486,0,2.82
770,66.85,862.69,636,0,17.32
771,22.96,231.47,457,0,19.82
772,70.37,799.74,568,0,3.7
773,39.44,501.14,417,1,1.12
774,51.38,607.43,261,1,18.28
775,17.74,321.61,105,0,20.2
776,21.21,262.80,504,1,20.25
777,19.67,301.67,57,0,12.08
778,14.31,337.16,156,1,5.62
779,66.29,797.84,250,1,0.65
780,50.84,678.85,519,0,10.82
781,19.38,296.15,523,0,11.38
782,67.03,878.57,120,1,7.55
783,46.13,520.87,262,0,13.02
784,19.88,372.56,423,1,5.48
785,14.83,407.75,660,0,8.08
786,17.15,263.33,328,1,8.72
787,46.52,571.84,28,0,2.28
788,40.96,620.40,303,0,17.7
789,45.08,530.95,536,0,18.83
790,45.21,565.69,619,0,7.25
791,16.68,303.20,179,0,14.15
792,43.82,573.02,348,1,18.38
793,72.23,864.97,319,0,12.68
794,24.22,277.52,561,1,9.58
795,13.45,353.72,501,0,16.17
796,38.91,623.98,659,1,18.7
797,46.54,643.53,96,1,21.48
798,23.08,363.35,609,0,21.57
799,41.79,677.71,329,0,2.92
800,69.79,822.79,16,0,19.03
801,25.19,347.72,233,1,13.37
802,66.56,797.58,534,1,10.28
803,18.56,245.45,382,1,12.58
804,21.79,392.58,675,1,15.68
805,67.15,831.39,564,0,8.8
806,51.77,595.68,358,0,16.52
807,68.64,796.72,346,1,17.25
808,24.69,384.16,467,0,4.85
809,42.59,560.51,441,1,5.67
810,65.28,588.16,636,1,21.65
811,47.90,607.42,319,0,16.68
812,92.37,932.12,693,0,9.73
813,51.42,607.45,445,0,18.65
814,18.18,226.18,485,0,4.58
815,57.12,890.26,659,1,11.67
816,42.30,679.34,288,1,2.95
817,71.45,797.29,312,1,19.7
818,19.71,335.62,66,1,19.07
819,22.86,368.12,30,1,11.38
820,57.46,1021.84,27,1,11.57
821,41.68,539.55,30,0,5.47
822,41.51,600.76,258,0,14.83
823,49.74,648.50,87,1,12.78
824,70.31,830.50,398,0,13.4
825,25.36,377.97,678,0,16.05
826,64.76,804.59,77,1,6.73
827,20.16,398.46,627,1,12.98
828,59.36,881.16,640,0,10.02
829,16.84,357.52,624,1,14.08
830,89.87,946.08,60,1,2.05
831,49.54,501.16,34,1,23.13
832,16.49,389.56,337,1,12.63
833,52.24,542.37,91,1,3.17
834,18.09,366.65,627,0,8.08
835,17.04,226.29,259,1,0.22
836,18.24,421.12,314,0,16.95
837,52.21,525.93,204,0,11.13
838,69.56,795.89,556,0,15.25
839,89.41,1021.19,338,0,23.13
840,66.29,829.48,60,0,8.58
841,40.85,519.24,574,0,2.5
842,25.76,309.01,454,1,3.78
843,89.28,972.59,104,0,16.37
844,63.01,965.31,548,0,19.12
845,41.81,514.05,517,0,7.33
846,40.90,523.72,384,0,5.38
847,46.23,601.30,37,1,22.58
848,52.46,526.70,31,0,5.3
849,22.60,373.99,228,0,9.28
850,68.96,814.33,18,0,20.78
851,41.01,565.94,192,1,5.67
852,20.99,411.35,362,1,5.75
853,67.09,814.61,585,0,4.02
854,70.43,849.27,622,1,10.62
855,68.51,796.38,160,1,20.08
856,79.83,924.31,283,0,16.1
857,51.21,548.18,24,0,22.62
858,44.91,565.90,365,1,0.25
859,73.42,821.90,532,0,2.72
860,70.24,855.02,173,1,15.72
861,22.50,382.35,111,0,12.35
862,19.80,289.84,646,1,13.83
863,57.32,946.40,404,1,18.95
864,43.75,654.37,522,0,8.25
865,67.12,821.65,272,0,10.08
866,69.30,836.67,281,0,10.43
867,66.34,1082.67,452,0,14.33
868,72.11,822.81,95,1,9.78
869,89.66,1080.82,55,1,19.52
870,22.65,420.17,400,1,12.03
871,41.47,548.53,178,1,8.22
872,19.22,339.26,648,0,13.02
873,87.59,1080.13,535,0,0.58
874,49.43,595.82,309,1,22.02
875,40.50,572.72,263,0,12.65
876,20.66,270.66,593,1,6.55
877,15.52,290.37,165,0,12.38
878,19.69,340.67,565,0,7.1
879,16.03,295.68,590,1,23.12
880,65.13,847.53,122,1,5.87
881,66.99,863.07,591,1,16.13
882,14.25,267.75,138,0,19.3
883,18.34,231.96,153,0,7.32
884,66.46,829.61,95,1,0.93
885,44.38,593.94,554,0,6.9
886,15.84,271.16,477,1,21.37
887,16.55,273.40,679,1,23.17
888,46.92,601.78,433,0,12.03
889,66.71,853.93,146,0,6.33
890,72.05,821.81,396,0,0.37
891,41.06,656.01,634,1,23.2
892,52.19,595.89,281,0,7.15
893,14.97,418.30,308,1,10.63
894,53.37,930.94,609,1,6.38
895,72.06,880.44,295,1,9.7
896,92.14,1075.79,182,1,5.38
897,47.48,572.64,596,1,3.88
898,62.37,679.84,679,0,22.9
899,24.00,409.21,652,0,18.18
900,66.08,979.46,511,0,7.42
901,17.70,319.13,622,0,3.82
902,45.12,642.82,81,1,9.93
903,24.10,225.20,210,0,2.02
904,73.08,991.74,699,1,22.88
905,16.01,363.74,572,0,21.25
906,44.65,660.44,281,0,11.07
907,46.00,662.71,43,0,8.23
908,19.44,366.30,459,0,11.38
909,15.93,417.61,557,0,9.2
910,46.31,666.80,527,1,14.3
911,48.40,643.19,208,1,19.22
912,39.17,660.99,52,1,0.07
913,16.04,267.53,485,0,14.72
914,17.93,292.88,155,0,14.93
915,83.31,646.45,218,0,21.22
916,50.32,654.77,659,1,15.85
917,50.30,625.89,234,1,5.28
918,18.34,241.36,85,1,21.7
919,48.94,567.23,281,1,6.32
920,88.57,788.32,227,0,5
921,72.11,773.20,429,1,6.37
922,15.23,346.11,297,1,22.9
923,23.78,298.61,552,1,21.15
924,23.56,300.32,229,1,6.35
925,55.96,955.71,588,0,12.87
926,15.39,244.74,506,1,10.85
927,19.31,274.61,446,0,20.27
928,40.70,578.07,634,1,22.3
929,71.55,857.84,368,1,20.5
930,16.68,266.64,324,0,16.62
931,70.11,812.55,621,0,17.83
932,78.08,646.23,572,0,3.82
933,44.48,589.71,194,0,18.98
934,40.62,572.81,232,0,16.3
935,23.70,377.27,348,0,1.22
936,68.60,831.93,239,1,7.27
937,26.02,305.95,618,1,3.45
938,23.31,333.48,258,0,15.88
939,17.41,265.78,116,1,10.5
940,14.20,304.21,410,0,20.08
941,85.47,863.70,443,0,13.05
942,67.98,863.95,57,1,21.78
943,47.30,660.01,82,1,19.45
944,13.96,413.97,533,1,3.63
945,73.34,831.70,421,0,10.58
946,53.31,530.19,106,0,16.57
947,27.62,380.11,98,0,19.63
948,13.92,303.03,181,0,5.4
949,87.60,789.96,388,0,21.42
950,38.97,605.19,48,1,19.43
951,40.21,595.16,338,1,0.32
952,43.59,666.52,46,0,10.37
953,50.72,519.23,567,0,4.7
954,17.06,231.87,182,1,7.27
955,67.88,856.42,559,1,21.75
956,57.52,713.25,315,1,13.97
957,20.31,334.85,528,0,9.5
958,40.44,501.91,579,1,14.28
959,48.70,537.64,138,0,19.97
960,44.60,619.28,176,1,3.63
961,20.37,260.57,682,0,20.02
962,49.17,632.19,678,0,7.82
963,18.10,235.24,243,1,19.53
964,39.47,660.39,693,0,14.9
965,44.18,608.60,66,0,3
966,69.11,822.32,417,0,19.65
967,21.53,351.98,307,0,15.8
968,16.55,258.60,356,1,10.22
969,39.77,536.94,88,1,5.15
970,56.92,754.95,641,1,6.38
971,53.23,654.41,503,1,17.27
972,49.74,635.60,460,0,18.5
973,42.00,637.83,372,0,6.68
974,47.82,666.02,240,1,16.8
975,24.48,351.19,678,0,2.57
976,91.31,770.61,594,0,20.53
977,50.30,649.51,459,1,15.97
978,25.33,258.05,354,0,9.55
979,48.93,571.15,60,1,5.6
980,39.08,543.24,639,0,16.88
981,72.59,957.66,636,0,9.43
982,43.28,558.64,161,1,10.47
983,19.24,236.49,588,0,0.7
984,77.10,729.42,697,0,14.45
985,71.80,797.63,453,0,13.52
986,22.85,283.16,345,0,7.73
987,22.59,250.25,111,1,20.72
988,22.01,414.25,184,1,9.85
989,76.45,898.88,685,0,12.53
990,15.94,411.67,567,0,1.97
991,17.40,322.76,566,1,1.42
992,42.41,592.29,111,1,17.8
993,19.03,420.49,654,1,5.68
994,51.41,566.47,546,1,20.42
995,43.14,615.50,324,0,7.72
996,25.22,394.68,551,1,7.47
997,18.83,229.66,588,0,18.78
998,67.45,862.21,76,0,4.45
999,40.38,608.67,441,1,22.43
1000,44.54,535.99,423,1,1.75
1001,20.54,350.08,616,1,13.32
1002,70.31,814.43,546,0,3.82
1003,45.16,609.26,459,0,10.93
1004,69.48,704.60,98,1,16.25
1005,14.69,347.24,648,0,10.23
1006,15.38,261.42,12,1,14.83
1007,40.01,537.19,433,1,8.73
1008,53.75,542.00,321,1,18.42
1009,79.50,930.41,370,0,6.95
1010,41.99,653.32,196,0,21.78
1011,46.24,638.44,678,0,3.8
1012,70.68,862.73,1,0,18.63
1013,70.06,804.96,130,1,20.57
1014,52.11,542.00,511,1,1.03
1015,70.74,806.24,128,0,16.6
1016,26.55,355.74,41,1,20.62
1017,16.08,361.40,86,0,17.5
1018,18.23,273.17,27,0,3.92
1019,18.79,376.84,159,0,0.05
1020,19.90,225.19,599,0,20.63
1021,67.36,813.52,297,0,19.2
1022,51.17,649.17,263,0,17.5
1023,14.77,369.49,75,0,19.15
1024,21.72,267.42,132,0,16.68
1025,72.72,847.44,648,0,6.15
1026,25.43,240.86,184,0,14.92
1027,66.18,721.71,637,1,11.08
1028,51.87,507.70,325,0,6.5
1029,48.36,642.58,545,0,8.82
1030,50.42,889.56,114,1,21.77
1031,65.90,1048.92,625,0,2.22
1032,44.04,583.91,528,0,1.87
1033,50.15,856.22,402,1,17.32
1034,49.62,560.84,1,0,15.72
1035,19.15,267.77,189,0,12.57
1036,19.19,259.92,329,0,13.25
1037,66.87,838.75,396,0,3.65
1038,52.73,529.82,186,0,9.53
1039,44.26,519.29,214,1,11.82
1040,17.84,250.42,121,0,22.42
1041,14.29,303.46,658,1,20.23
1042,23.62,254.78,197,0,20.75
1043,82.28,862.35,427,1,13.42
1044,52.72,502.92,351,1,3.05
1045,70.96,829.53,264,0,3.13
1046,80.41,587.68,687,1,5.75
1047,58.80,1074.63,567,0,16.25
1048,22.00,364.28,470,0,13.97
1049,14.50,326.43,293,0,1.18
1050,69.91,814.75,179,0,21.57
1051,42.82,578.52,334,1,6.7
1052,68.18,882.69,402,0,3.03
1053,54.33,863.21,336,1,6.07
1054,72.26,873.33,46,0,18.15
1055,22.49,368.11,628,1,4.13
1056,15.57,251.42,81,1,20.38
1057,42.59,578.34,239,1,11.2
1058,59.85,763.79,556,1,21.8
1059,24.94,359.11,264,1,6.72
1060,22.68,266.76,645,0,15.68
1061,21.79,387.88,404,0,3.4
1062,69.55,848.49,555,0,4.23
1063,23.26,234.59,245,0,22.55
1064,40.45,671.65,100,1,21.77
1065,45.52,594.49,230,0,20.55
1066,47.43,566.82,298,0,1.5
1067,39.35,648.60,496,0,12.8
1068,41.83,601.91,507,0,16.8
1069,18.67,364.53,574,0,10.23
1070,72.22,811.31,14,1,15.58
1071,40.36,638.23,92,1,7.62
1072,76.95,838.87,684,0,11.98
1073,16.12,297.15,481,0,13.43
1074,50.64,1006.79,295,1,20.93
1075,42.21,602.53,195,1,5.98
1076,48.17,595.88,449,1,7.45
1077,19.73,334.32,231,0,1.2
1078,15.72,390.68,571,1,6.85
1079,55.63,839.91,543,1,19.3
1080,65.86,840.55,621,0,2.58
1081,46.17,566.57,516,0,1.37
1082,16.13,341.42,491,0,7.2
1083,46.07,595.90,317,1,6.62
1084,50.60,524.71,286,0,3.1
1085,49.11,583.68,607,1,6.78
1086,91.50,721.89,634,0,3.07
1087,43.44,624.63,169,1,5.25
1088,47.08,518.60,379,1,3.82
1089,24.42,226.89,674,1,5.98
1090,88.77,924.61,565,1,20.88
1091,19.73,267.44,27,0,17.38
1092,45.53,613.46,513,0,22.58
1093,21.69,366.49,228,0,6.28
1094,26.52,300.01,327,1,19.17
1095,88.13,721.98,467,0,2.48
1096,89.00,1016.30,380,0,12.83
1097,15.55,379.83,530,1,4.73
1098,67.45,797.33,207,1,10.15
1099,77.65,697.26,67,0,2.18
1100,50.10,531.25,562,0,17.55
1101,21.16,270.79,666,0,6.95
1102,46.29,584.16,699,0,11.93
1103,65.28,864.39,674,1,3.95
1104,19.66,231.67,474,0,19.17
1105,49.22,619.70,299,0,23.13
1106,70.57,832.60,609,1,15.75
1107,46.14,647.52,623,0,18.87
1108,47.19,565.68,40,0,12.75
1109,59.87,1090.40,369,1,13.13
1110,20.44,393.97,171,0,19.37
1111,82.08,997.78,304,0,21.6
1112,47.38,673.29,168,1,17.57
1113,46.77,644.25,256,0,1.78
1114,42.92,659.29,182,1,17.22
1115,66.84,847.93,7,0,9
1116,46.80,626.77,414,1,22.08
1117,42.05,508.91,146,0,13.73
1118,44.41,519.32,254,0,6.5
1119,67.37,846.75,385,0,2.55
1120,19.83,235.02,414,0,15.08
1121,18.97,258.49,339,1,6.7
1122,68.61,813.27,29,0,16.97
1123,16.44,265.51,133,1,8.72
1124,76.07,997.91,633,0,7.82
1125,68.47,837.63,8,0,5.18
1126,25.53,323.68,381,0,14.9
1127,71.64,831.33,165,1,7.7
1128,42.29,556.39,81,1,7.15
1129,14.70,314.78,202,1,4.28
1130,71.19,938.43,264,1,12.83
1131,52.17,530.12,311,0,10.47
1132,22.13,337.76,262,1,2.32
1133,45.38,636.26,554,1,0.15
1134,69.58,805.57,357,1,13.55
1135,45.39,548.95,53,0,6.8
1136,14.78,412.34,403,0,20.05
1137,52.83,621.02,524,0,14.92
1138,23.56,344.10,569,0,17.42
1139,18.27,269.84,23,0,19.83
1140,23.45,308.61,413,0,10.85
1141,55.20,664.14,58,0,21.45
1142,66.83,805.81,237,0,2.3
1143,48.71,624.82,249,1,10.35
1144,42.99,507.12,157,0,9.23
1145,25.75,420.06,558,0,10.57
1146,17.57,347.49,408,0,7.45
1147,50.51,931.57,535,0,22.98
1148,52.42,662.39,86,1,1.78
1149,73.60,925.10,576,0,6.68
1150,71.38,857.76,304,0,15.62
1151,44.36,651.76,210,0,20.2
1152,40.88,572.30,204,0,22.47
1153,87.89,972.78,656,0,16.18
1154,49.68,603.29,202,0,21.43
1155,17.98,321.13,540,0,6.45
1156,21.80,344.98,158,0,22.98
1157,88.47,1005.27,245,1,5.87
1158,69.04,805.80,549,0,10.6
1159,42.86,542.17,458,0,1.07
1160,70.53,806.56,405,0,15.98
1161,16.89,350.43,247,0,18.13
1162,76.47,1040.09,407,1,4.08
1163,14.22,417.19,254,1,23.28
1164,68.47,858.00,427,1,3.2
1165,26.81,301.92,349,0,16.78
1166,49.24,506.13,575,1,23.03
1167,40.74,541.36,527,0,21.45
1168,50.78,643.45,101,0,6.42
1169,67.49,611.89,658,1,16.42
1170,24.53,290.81,200,1,11.45
1171,58.90,1023.18,375,1,20.98
1172,49.86,566.95,408,0,11.78
1173,16.27,357.64,9,1,6.57
1174,64.75,907.14,48,0,3.85
1175,70.56,848.36,314,0,11.33
1176,49.47,795.59,512,0,7.1
1177,66.39,804.31,125,0,0.9
1178,50.66,679.25,282,1,7
1179,68.81,782.17,530,1,8.62
1180,72.33,797.23,432,0,8.8
1181,57.84,847.30,581,0,5.47
1182,70.32,823.12,52,1,10.32
1183,38.21,673.01,265,1,11.95
1184,19.00,331.06,644,1,2.52
1185,43.39,625.37,312,0,2.75
1186,19.89,389.19,10,1,10.52
1187,50.59,507.30,483,1,17.77
1188,48.92,672.14,347,1,1.12
1189,42.94,550.96,312,0,21.8
1190,18.13,298.04,427,1,22.52
1191,69.15,989.50,6,0,4.18
1192,82.33,1016.19,430,0,20.6
1193,24.10,257.36,262,1,21.27
1194,66.32,796.91,569,1,6.37
1195,50.41,630.55,398,1,11.37
1196,78.18,713.09,516,0,15.35
1197,67.64,812.07,317,1,19.15
1198,22.61,325.04,421,0,15.6
1199,25.10,324.82,218,0,11.72
1200,23.91,290.46,393,0,16.58
1201,16.74,319.56,105,0,1.95
1202,15.57,262.59,60,0,18.93
1203,50.79,559.10,1,1,0.17
1204,42.40,525.38,530,1,13
1205,39.94,584.20,331,1,13.35
1206,43.17,507.32,689,1,4.38
1207,20.80,316.97,683,1,6.5
1208,69.12,856.34,410,1,10.2
1209,18.23,224.98,663,1,18.57
1210,16.21,263.60,582,0,3.08
1211,57.50,796.82,327,0,9.37
1212,20.32,392.03,690,1,13.65
1213,49.84,673.25,25,0,7.95
1214,17.24,240.95,660,0,12.02
1215,24.33,225.16,676,0,17.3
1216,39.57,560.24,648,1,7.03
1217,52.14,649.28,529,1,2.05
1218,24.22,298.91,16,0,20.32
1219,73.11,812.54,324,0,15.87
1220,70.22,862.72,246,0,13.57
1221,14.71,381.02,486,1,1.82
1222,20.04,326.07,488,1,14.2
1223,51.79,573.97,88,0,20.9
1224,48.26,591.04,58,1,12.85
1225,53.27,542.41,631,0,2.25
1226,22.68,401.83,473,0,5.65
1227,23.03,416.44,463,0,18.98
1228,47.02,665.00,9,0,12.45
1229,62.05,898.74,545,0,22.03
1230,52.81,625.16,532,1,17.53
1231,14.80,306.65,70,0,20.23
1232,70.52,839.50,39,0,22.07
1233,71.11,814.14,83,0,3.7
1234,25.45,292.58,131,1,4.5
1235,24.69,316.48,628,0,4.27
1236,48.92,549.79,61,0,18.18
1237,50.57,502.12,233,1,5.37
1238,56.45,1055.98,570,0,17.73
1239,45.81,512.04,49,1,21.4
1240,53.72,663.29,631,0,0.72
1241,48.73,672.63,588,1,9.35
1242,42.33,631.05,394,1,8.3
1243,65.52,814.36,372,0,13.78
1244,17.22,386.19,244,1,6.55
1245,40.85,560.59,608,0,21.57
1246,70.03,880.09,60,0,19.32
1247,42.04,656.37,332,0,18.63
1248,41.88,611.82,341,0,18.05
1249,15.98,324.53,621,0,14.13
1250,43.82,625.94,603,0,6.65
1251,86.06,1014.22,295,1,2.93
1252,42.26,514.09,437,1,19.72
1253,20.90,316.27,159,0,18.77
1254,14.83,238.10,617,1,20.2
1255,41.33,559.95,75,0,6.07
1256,48.97,619.43,44,1,17.95
1257,19.02,413.96,695,0,6.4
1258,42.18,737.23,96,0,18.48
1259,70.19,946.82,331,1,12.48
1260,68.19,822.84,681,1,17.82
1261,20.94,260.08,599,1,23.03
1262,91.95,738.48,40,0,12.87
1263,72.49,814.07,498,0,5
1264,24.59,389.84,466,1,9.92
1265,53.44,632.38,123,1,2.7
1266,72.71,594.91,395,0,14.9
1267,18.05,247.08,303,0,6.45
1268,89.81,587.98,67,0,13.53
1269,17.44,393.45,628,0,10.4
1270,35.13,467.06,46,0,8.88
1271,67.52,913.37,299,1,16.52
1272,15.62,306.23,363,0,14.58
1273,88.43,705.30,287,0,18.53
1274,18.42,389.10,8,0,10.43
1275,66.77,806.10,334,0,15.13
1276,13.97,394.48,631,1,0.67
1277,16.90,236.35,559,1,0.47
1278,57.62,814.12,28,1,6.47
1279,69.27,866.21,448,0,3
1280,20.63,307.37,143,0,3.63
1281,21.25,309.01,65,1,6.07
1282,47.20,680.39,25,1,16.25
1283,16.48,345.65,579,0,5.03
1284,57.56,666.95,497,0,17.12
1285,25.08,416.90,30,1,11.92
1286,17.63,316.77,230,0,14.9
1287,22.56,386.58,279,1,4.95
1288,19.01,263.80,594,0,2.53
1289,19.83,315.46,13,1,18.6
1290,68.15,805.03,488,0,8.75
1291,22.80,269.31,291,1,12.28
1292,71.00,881.25,623,0,19.2
1293,69.73,973.04,414,1,18.35
1294,15.20,396.74,662,0,6.53
1295,71.67,829.72,468,1,10.48
1296,22.71,361.19,635,0,12.55
1297,21.71,251.85,691,1,13.27
1298,23.83,311.01,674,1,13.57
1299,45.00,723.00,25,0,19.73
1300,51.00,234.00,131,0,19.95
1301,68.00,118.00,372,1,18.58
1302,19.00,769.00,366,1,2.48
1303,44.00,128.00,457,1,8.1
1304,14.00,276.00,494,0,3.1
1305,80.00,360.00,643,0,17.45
1306,35.00,521.00,312,0,9.17
1307,56.00,572.00,225,0,11.08
1308,46.00,283.00,457,0,5.17
1309,16.00,653.00,117,0,0.67
1310,67.00,183.00,191,0,8.07
1311,79.00,814.00,414,1,3.57
1312,45.00,412.00,68,1,20.3
1313,66.00,370.00,413,0,22.65
1314,27.00,136.00,277,1,18.57
1315,37.00,859.00,532,0,17.95
1316,80.00,449.00,592,1,10.57
1317,22.00,107.00,158,1,11.47
1318,40.00,870.00,459,1,20.27
1319,41.00,665.00,500,1,9.2
1320,75.00,815.00,441,0,4.68
1321,41.00,169.00,82,0,12.85
1322,31.00,504.00,359,1,13.7
1323,20.00,797.00,17,1,20.15
1324,79.00,346.00,334,0,0.77
1325,37.00,784.00,632,1,8.38
1326,53.00,533.00,592,0,7.95
1327,11.00,402.00,690,0,16.43
1328,13.00,260.00,214,0,0.62
1329,71.00,184.00,594,1,12.05
1330,6.00,706.00,351,1,15.92
1331,25.00,550.00,145,0,20.15
1332,45.00,796.00,83,1,16.75
1333,75.00,246.00,604,0,19.68
1334,40.00,443.00,55,0,16.57
1335,77.00,537.00,558,1,11.58
1336,44.00,244.00,492,0,19.88
1337,59.00,209.00,376,1,4.73
1338,8.00,353.00,299,0,9.13
1339,13.00,724.00,309,0,22.15
1340,63.00,285.00,25,0,5.73
1341,71.00,128.00,56,0,7.53
1342,48.00,181.00,238,0,2.93
1343,4.00,657.00,331,0,3.57
1344,59.00,563.00,527,1,2.8
1345,13.00,493.00,337,1,21.28
1346,68.00,114.00,524,1,4.52
1347,37.00,228.00,351,1,2.65
1348,45.00,842.00,280,1,23.12
1349,64.00,722.00,678,1,12.47
1350,59.00,268.00,122,1,2.87
1351,67.00,466.00,365,1,9.63
1352,29.00,485.00,120,0,21.33
1353,12.00,433.00,247,0,10.42
1354,63.00,378.00,543,0,19.48
1355,36.00,195.00,334,0,8.63
1356,28.00,386.00,466,0,1.13
1357,6.00,419.00,239,0,7.5
1358,62.00,454.00,2,0,8.35
1359,68.00,553.00,458,1,17.42
1360,52.00,348.00,478,0,5.98
1361,67.00,806.00,645,0,16.28
1362,61.00,512.00,144,0,14.68
1363,24.00,411.00,453,0,10.8
1364,65.00,335.00,479,1,14.57
1365,6.00,632.00,623,0,4.85
1366,68.00,643.00,193,0,11.32
1367,34.00,655.00,420,1,7.25
1368,16.00,788.00,109,0,2.88
1369,28.00,821.00,582,0,12.72
1370,14.00,829.00,695,1,13.08
1371,78.00,591.00,594,0,21.48
1372,38.00,837.00,357,0,7.7
1373,71.00,386.00,88,0,13.85
1374,48.00,867.00,195,0,2.98
1375,3.00,176.00,103,1,9.03
1376,40.00,755.00,54,0,4.8
1377,26.00,646.00,346,0,3.48
1378,50.00,620.00,606,1,8.6
1379,65.00,489.00,442,0,7.1
1380,33.00,164.00,170,0,3.67
1381,17.00,631.00,488,0,22.72
1382,44.00,195.00,656,1,13.47
1383,79.00,202.00,371,1,4.1
1384,26.00,546.00,431,1,15.43
1385,48.00,115.00,447,1,4.27
1386,19.00,846.00,545,0,16.97
1387,18.00,618.00,8,0,18.38
1388,75.00,636.00,423,1,4.03
1389,44.00,193.00,43,1,21.38
1390,73.00,609.00,345,1,6.5
1391,22.00,540.00,193,0,18.58
1392,9.00,767.00,212,0,19.03
1393,69.00,322.00,366,0,8.48
1394,31.00,114.00,50,1,0.33
1395,79.00,502.00,473,0,12.07
1396,11.00,733.00,366,0,16.17
1397,16.00,262.00,279,1,20.08
1398,3.00,837.00,580,1,15.62
1399,60.00,731.00,274,0,13.15
1400,34.00,571.00,298,0,4.85
1401,30.00,178.00,131,0,4.72
1402,45.00,875.00,70,1,17.45
1403,12.00,513.00,570,1,9.1
1404,43.00,521.00,486,0,22.97
1405,13.00,134.00,261,0,1.08
1406,46.00,634.00,530,1,19.65
1407,80.00,484.00,507,1,12.33
1408,7.00,811.00,81,1,3.32
1409,79.00,247.00,313,0,13.1
1410,65.00,778.00,465,1,19.87
1411,13.00,662.00,614,0,9.95
1412,53.00,637.00,316,0,0.2
1413,60.00,857.00,535,1,19.28
1414,33.00,115.00,69,1,2.38
1415,13.00,473.00,666,1,16.7
1416,64.00,879.00,288,0,20.13
1417,26.00,438.00,130,0,2.33
1418,65.00,718.00,254,0,9.57
1419,39.00,763.00,348,1,20.07
1420,18.00,405.00,218,0,10.23
1421,27.00,119.00,468,1,10.83
1422,2.00,249.00,150,1,16.07
1423,78.00,353.00,161,1,15.65
1424,5.00,331.00,166,1,0.5
1425,23.00,608.00,44,0,14.62
1426,33.00,475.00,74,1,2.58
1427,62.00,465.00,186,1,6.43
1428,65.00,506.00,435,0,13.98
1429,24.00,310.00,407,1,13.92
1430,49.00,314.00,244,1,9.68
1431,23.00,784.00,151,1,16.78
1432,24.00,398.00,399,1,18.13
1433,31.00,452.00,377,1,18.07
1434,22.00,115.00,615,1,23.12
1435,74.00,322.00,425,1,5.53
1436,59.00,239.00,402,1,8.48
1437,30.00,220.00,371,1,15.62
1438,61.00,520.00,348,1,19.73
1439,37.00,620.00,17,1,15.77
1440,67.00,188.00,104,1,15.72
1441,58.00,608.00,523,0,19.48
1442,12.00,256.00,646,1,11.88
1443,19.00,117.00,240,1,2.78
1444,38.00,139.00,104,1,15.98
1445,26.00,188.00,615,0,4.65
1446,5.00,469.00,558,1,22.1
1447,60.00,391.00,285,0,6.23
1448,20.00,766.00,607,1,9.73
1449,47.00,168.00,64,1,10.05
1450,78.00,898.00,647,1,9.52
1451,71.00,751.00,117,1,16.42
1452,34.00,747.00,469,0,13.33
1453,27.00,102.00,348,1,22.03
1454,77.00,898.00,429,1,12.25
1455,65.00,164.00,84,1,1.12
1456,58.00,515.00,8,0,18.13
1457,22.00,117.00,424,1,8.07
1458,56.00,376.00,315,1,12.27
1459,31.00,406.00,663,1,14.9
1460,20.00,424.00,525,1,10.2
1461,30.00,587.00,247,0,14.05
1462,10.00,737.00,351,0,3.35
1463,52.00,568.00,632,0,20.03
1464,69.00,615.00,184,1,19.43
1465,45.00,326.00,432,0,15.58
1466,12.00,679.00,17,1,4
1467,52.00,703.00,26,0,13.48
1468,54.00,225.00,474,1,11.58
1469,20.00,549.00,676,0,7.27
1470,26.00,363.00,91,1,14.78
1471,34.00,174.00,226,0,7
1472,21.00,829.00,637,0,13.82
1473,66.00,754.00,522,1,20.73
1474,68.00,560.00,617,1,17.92
1475,21.00,308.00,646,0,3.48
1476,52.00,180.00,156,0,4.23
1477,63.00,602.00,206,0,2.93
1478,34.00,895.00,680,0,1.43
1479,76.00,569.00,268,1,13.2
1480,13.00,473.00,23,1,4.97
1481,67.00,156.00,101,1,17.28
1482,46.00,148.00,207,0,20.37
